"epoch","loss","lr","part","step","time","murmur_accuracy","murmur_auprc","murmur_auroc","murmur_cost","murmur_f_measure","murmur_weighted_accuracy","neg_weighted_cost","outcome_accuracy","outcome_auprc","outcome_auroc","outcome_cost","outcome_f_measure","outcome_weighted_accuracy"
0.0,4.104673385620117,8.051132961790428e-05,"train",20.0,"2022-08-14 15:27:56.165855","","","","","","","","","","","","",""
0.0,3.5938634872436523,8.204477376749569e-05,"train",40.0,"2022-08-14 15:28:06.678649","","","","","","","","","","","","",""
0.0,3.1602773666381836,8.459869891666821e-05,"train",60.0,"2022-08-14 15:28:17.366563","","","","","","","","","","","","",""
0.0,2.9798436164855957,8.817038444548287e-05,"train",80.0,"2022-08-14 15:28:27.639107","","","","","","","","","","","","",""
0.0,3.11085844039917,9.275602554436268e-05,"train",100.0,"2022-08-14 15:28:38.430595","","","","","","","","","","","","",""
0.0,"","","train",107.0,"2022-08-14 15:28:54.477848",0.8392927308447937,0.5398376606568971,0.6021034220671575,50035.0,0.45631275368511004,0.5108825639799092,-37225.56974459725,0.51237721021611,0.5577657558857625,0.560669798005764,24416.1394891945,0.3387892959210185,0.17365827673458517
0.0,"","","val",107.0,"2022-08-14 15:28:58.703419",0.8367029548989113,0.5612890636407319,0.6419985838201452,50035.0,0.4555461473327688,0.5061147695202258,-37010.1166407465,0.52099533437014,0.576261800019963,0.5869354526070947,23985.233281493,0.3425357873210634,0.17866666666666667
1.0,2.894343614578247,9.835073726724344e-05,"train",120.0,"2022-08-14 15:29:08.056116","","","","","","","","","","","","",""
1.0,2.859114170074463,0.00010494855973535973,"train",140.0,"2022-08-14 15:29:19.090175","","","","","","","","","","","","",""
1.0,3.3696482181549072,0.00011254246448612467,"train",160.0,"2022-08-14 15:29:29.652039","","","","","","","","","","","","",""
1.0,3.121692419052124,0.00012112436196034105,"train",180.0,"2022-08-14 15:29:40.152111","","","","","","","","","","","","",""
1.0,3.0807318687438965,0.00013068511011976635,"train",200.0,"2022-08-14 15:29:51.544037","","","","","","","","","","","","",""
1.0,"","","train",214.0,"2022-08-14 15:30:12.061104",0.8392927308447937,0.5613719174867022,0.6399523708139898,50035.0,0.45631275368511004,0.5108825639799092,-37225.56974459725,0.51237721021611,0.5731352400311358,0.5822934329627312,24416.1394891945,0.3387892959210185,0.17365827673458517
1.0,"","","val",214.0,"2022-08-14 15:30:16.893684",0.8367029548989113,0.577344211801911,0.6657372986369265,50035.0,0.4555461473327688,0.5061147695202258,-37010.1166407465,0.52099533437014,0.6041889139139801,0.6180558247722432,23985.233281493,0.3425357873210634,0.17866666666666667
2.0,2.6707348823547363,0.00014121452418585224,"train",220.0,"2022-08-14 15:30:21.958874","","","","","","","","","","","","",""
2.0,3.2218494415283203,0.0001527013874892838,"train",240.0,"2022-08-14 15:30:34.176799","","","","","","","","","","","","",""
2.0,3.0657198429107666,0.00016513346341876151,"train",260.0,"2022-08-14 15:30:43.156915","","","","","","","","","","","","",""
2.0,2.944539785385132,0.00017849750845629606,"train",280.0,"2022-08-14 15:30:53.594978","","","","","","","","","","","","",""
2.0,2.4866490364074707,0.00019277928628513158,"train",300.0,"2022-08-14 15:31:03.911228","","","","","","","","","","","","",""
2.0,3.0926334857940674,0.00020796358295526807,"train",320.0,"2022-08-14 15:31:18.529436","","","","","","","","","","","","",""
2.0,"","","train",321.0,"2022-08-14 15:31:32.163450",0.8392927308447937,0.5956101399543301,0.6805513584791624,50035.0,0.45631275368511004,0.5108825639799092,-32460.61394891945,0.48762278978388995,0.5701963404579646,0.5774102680403195,14886.2278978389,0.32778658214474377,0.8263417232654149
2.0,"","","val",321.0,"2022-08-14 15:31:36.800186",0.8367029548989113,0.5948041259514549,0.6789785802796959,50035.0,0.4555461473327688,0.5061147695202258,-32417.5233281493,0.47900466562986005,0.6058098646123997,0.609110292692382,14800.0466562986,0.323869610935857,0.8213333333333334
3.0,2.655768871307373,0.00022403422309042516,"train",340.0,"2022-08-14 15:31:49.276128","","","","","","","","","","","","",""
3.0,3.079582452774048,0.00024097408711918678,"train",360.0,"2022-08-14 15:31:59.617319","","","","","","","","","","","","",""
3.0,2.7200887203216553,0.0002587651295119667,"train",380.0,"2022-08-14 15:32:09.557322","","","","","","","","","","","","",""
3.0,2.623209238052368,0.000277388398004372,"train",400.0,"2022-08-14 15:32:19.602688","","","","","","","","","","","","",""
3.0,3.220897674560547,0.0002968240537864807,"train",420.0,"2022-08-14 15:32:31.084616","","","","","","","","","","","","",""
3.0,"","","train",428.0,"2022-08-14 15:32:48.585781",0.8392927308447937,0.65134388902897,0.7065888757634864,50035.0,0.45631275368511004,0.5108825639799092,-30769.162397137377,0.5575638506876228,0.5837944166216537,0.5981069837801491,11503.324794274757,0.5359707780136873,0.7131442269276868
3.0,"","","val",428.0,"2022-08-14 15:32:53.010158",0.8367029548989113,0.6576714063094213,0.6722517259691985,50035.0,0.4555461473327688,0.5061147695202258,-30613.7582936882,0.5629860031104199,0.6102629758477307,0.6151289009497969,11192.5165873764,0.5455350338176888,0.7136
4.0,3.1063554286956787,0.00031705139263653336,"train",440.0,"2022-08-14 15:33:00.655024","","","","","","","","","","","","",""
4.0,2.6849162578582764,0.00033804886697651865,"train",460.0,"2022-08-14 15:33:10.433562","","","","","","","","","","","","",""
4.0,2.888746738433838,0.0003597941088261626,"train",480.0,"2022-08-14 15:33:20.349788","","","","","","","","","","","","",""
4.0,3.0939853191375732,0.00038226395363086946,"train",500.0,"2022-08-14 15:33:28.372059","","","","","","","","","","","","",""
4.0,2.744424343109131,0.00040543446493822603,"train",520.0,"2022-08-14 15:33:38.934228","","","","","","","","","","","","",""
4.0,"","","train",535.0,"2022-08-14 15:34:00.367429",0.8660117878192535,0.7072587308372228,0.7389303064018383,41556.281676585335,0.6316642792721099,0.610380291796221,-26628.39504146334,0.5434184675834971,0.6168987239349982,0.6193640221867383,11700.508406341347,0.5160710194730813,0.7136769210280997
4.0,"","","val",535.0,"2022-08-14 15:34:04.735554",0.8755832037325039,0.6906410806377957,0.7005443441317045,39787.16118683881,0.6667703150912107,0.6312323612417686,-25528.514137280465,0.552099533437014,0.6400536034363977,0.6352490792789298,11269.86708772212,0.5273989383421804,0.7248
5.0,2.6844024658203125,0.00042928095989678726,"train",540.0,"2022-08-14 15:34:10.232568","","","","","","","","","","","","",""
5.0,3.3397514820098877,0.00045377803554997936,"train",560.0,"2022-08-14 15:34:21.239392","","","","","","","","","","","","",""
5.0,2.8533236980438232,0.00047889959589710734,"train",580.0,"2022-08-14 15:34:30.973688","","","","","","","","","","","","",""
5.0,2.3687009811401367,0.0005046188796926437,"train",600.0,"2022-08-14 15:34:40.945109","","","","","","","","","","","","",""
5.0,3.005645275115967,0.0005309084889541797,"train",620.0,"2022-08-14 15:34:50.715941","","","","","","","","","","","","",""
5.0,2.8000504970550537,0.0005577404181486769,"train",640.0,"2022-08-14 15:35:00.938206","","","","","","","","","","","","",""
5.0,"","","train",642.0,"2022-08-14 15:35:14.872092",0.900196463654224,0.8143657180931535,0.8257929040410954,33245.863829448244,0.7607388621410509,0.7144223869887587,-26565.00987613098,0.6066797642436149,0.6708182585928065,0.6673982119110347,19884.155922813712,0.5407949811535495,0.36010121187907845
5.0,"","","val",642.0,"2022-08-14 15:35:19.175502",0.9097978227060654,0.8236038063204298,0.8169676048858205,30340.476277485206,0.7973240293900266,0.7497648165569144,-24780.95416560425,0.6205287713841369,0.6637103456869218,0.6598468695483626,19221.432053723296,0.5560799492960298,0.37706666666666666
6.0,2.4882545471191406,0.0005850860840259213,"train",660.0,"2022-08-14 15:35:29.963105","","","","","","","","","","","","",""
6.0,2.9139883518218994,0.0006129163560674041,"train",680.0,"2022-08-14 15:35:40.966889","","","","","","","","","","","","",""
6.0,2.4855966567993164,0.0006412015875181889,"train",700.0,"2022-08-14 15:35:52.013426","","","","","","","","","","","","",""
6.0,2.3264100551605225,0.0006699116469687141,"train",720.0,"2022-08-14 15:36:03.450541","","","","","","","","","","","","",""
6.0,3.1087698936462402,0.0006990159504528773,"train",740.0,"2022-08-14 15:36:13.744486","","","","","","","","","","","","",""
6.0,"","","train",749.0,"2022-08-14 15:36:32.145082",0.9277013752455796,0.8785905443970626,0.8844159501112597,27703.198734788013,0.8398385662494015,0.79239416407558,-23683.684270497528,0.6165029469548133,0.677827653626118,0.6761308723422149,19664.16980620704,0.5527292318507379,0.3708882674124384
6.0,"","","val",749.0,"2022-08-14 15:36:36.708636",0.926905132192846,0.8802997396681074,0.8794786687909371,27734.436342766647,0.8399082495907784,0.7902163687676388,-23229.16097437383,0.6423017107309487,0.6680062132245511,0.6632971506105836,18723.885605981017,0.5827031602708803,0.4016
7.0,3.4204702377319336,0.0007284834940282203,"train",760.0,"2022-08-14 15:36:44.190811","","","","","","","","","","","","",""
7.0,2.4518368244171143,0.0007582828868034997,"train",780.0,"2022-08-14 15:36:56.272292","","","","","","","","","","","","",""
7.0,2.5330028533935547,0.000788382384378462,"train",800.0,"2022-08-14 15:37:08.121819","","","","","","","","","","","","",""
7.0,2.681265115737915,0.0008187499226602027,"train",820.0,"2022-08-14 15:37:18.447394","","","","","","","","","","","","",""
7.0,2.4934146404266357,0.0008493531520200844,"train",840.0,"2022-08-14 15:37:29.201689","","","","","","","","","","","","",""
7.0,"","","train",856.0,"2022-08-14 15:37:51.281937",0.9135559921414538,0.870376351996611,0.8759872668333302,31703.26012386204,0.792765943586737,0.7388184644821812,-25605.327656376277,0.6145383104125737,0.6637723243954676,0.6670852221887151,19507.39518889051,0.5542444833705266,0.37554934079105073
7.0,"","","val",856.0,"2022-08-14 15:37:55.289413",0.9222395023328149,0.8690877287835801,0.8644760134537097,29010.939752436483,0.8252793356810573,0.7723424270931326,-23619.052022049167,0.6391912908242613,0.6526496914618163,0.6487109905020352,18227.164291661855,0.5888474852821203,0.4176
8.0,3.4085001945495605,0.0008801594717548246,"train",860.0,"2022-08-14 15:37:59.298089","","","","","","","","","","","","",""
8.0,3.3479490280151367,0.0009111360648150508,"train",880.0,"2022-08-14 15:38:10.218539","","","","","","","","","","","","",""
8.0,1.9020545482635498,0.0009422499327643179,"train",900.0,"2022-08-14 15:38:19.926761","","","","","","","","","","","","",""
8.0,2.5281567573547363,0.0009734679309313557,"train",920.0,"2022-08-14 15:38:31.364027","","","","","","","","","","","","",""
8.0,2.607628107070923,0.0010047568037180915,"train",940.0,"2022-08-14 15:38:42.488895","","","","","","","","","","","","",""
8.0,2.274418354034424,0.0010360832200258453,"train",960.0,"2022-08-14 15:38:53.037206","","","","","","","","","","","","",""
8.0,"","","train",963.0,"2022-08-14 15:39:06.914926",0.925343811394892,0.8917770923454909,0.9031102053057145,28106.070306938687,0.8337575772577752,0.7861755560870605,-23500.469811826544,0.6322200392927309,0.6855796839138761,0.6888971762332974,18894.8693167144,0.5792508711293737,0.4023172193367959
8.0,"","","val",963.0,"2022-08-14 15:39:10.745520",0.9144634525660964,0.8701202323030597,0.8965524871658699,29338.66846419753,0.810753827465712,0.7638758231420508,-23565.509331979563,0.645412130637636,0.6711706834448102,0.6623570459391357,17792.3501997616,0.6007777269459512,0.43466666666666665
9.0,2.9888124465942383,0.0010674138087619484,"train",980.0,"2022-08-14 15:39:21.138142","","","","","","","","","","","","",""
9.0,2.601504325866699,0.0010987151943889688,"train",1000.0,"2022-08-14 15:39:31.419935","","","","","","","","","","","","",""
9.0,2.3874287605285645,0.0011299540324786726,"train",1020.0,"2022-08-14 15:39:42.124317","","","","","","","","","","","","",""
9.0,2.4753549098968506,0.0011610970452328425,"train",1040.0,"2022-08-14 15:39:51.846026","","","","","","","","","","","","",""
9.0,2.338369846343994,0.0011921110569331201,"train",1060.0,"2022-08-14 15:40:03.110958","","","","","","","","","","","","",""
9.0,"","","train",1070.0,"2022-08-14 15:40:21.082250",0.9390962671905697,0.9116877930748473,0.9164437446773459,23511.834846662125,0.8786756756839881,0.8557761301124133,-18841.763498257835,0.6479371316306484,0.6888363103221388,0.695659051922307,14171.692149853545,0.6420273728998747,0.5717139432680783
9.0,"","","val",1070.0,"2022-08-14 15:40:25.402181",0.926905132192846,0.8984125237957292,0.8980970083200582,23335.756760493827,0.8614255909393127,0.8504233301975541,-18712.419006755463,0.6205287713841369,0.6856921205902942,0.675489435937197,14089.0812530171,0.6152948330652439,0.5584
10.0,3.436293840408325,0.0012229630292821048,"train",1080.0,"2022-08-14 15:40:32.647486","","","","","","","","","","","","",""
10.0,2.5269830226898193,0.0012536200965980618,"train",1100.0,"2022-08-14 15:40:43.689641","","","","","","","","","","","","",""
10.0,2.467087984085083,0.0012840496008257472,"train",1120.0,"2022-08-14 15:40:54.079436","","","","","","","","","","","","",""
10.0,3.6983461380004883,0.0013142191263260583,"train",1140.0,"2022-08-14 15:41:04.019647","","","","","","","","","","","","",""
10.0,1.9543097019195557,0.001344096534407439,"train",1160.0,"2022-08-14 15:41:14.595913","","","","","","","","","","","","",""
10.0,"","","train",1177.0,"2022-08-14 15:41:35.915725",0.9292730844793713,0.888130760932716,0.9017635161121977,26307.519324764286,0.8494783493285176,0.8105716335804831,-21453.67721329847,0.6345776031434185,0.6748117256747572,0.6829367766940369,16599.83510183265,0.6119154587787761,0.48142229324810226
10.0,"","","val",1177.0,"2022-08-14 15:41:40.028834",0.9144634525660964,0.8796978765604846,0.8931934855726671,26816.906606699882,0.8247947723298109,0.7939793038570084,-21350.753961370567,0.6423017107309487,0.652868482803561,0.6501550688117853,15884.601316041248,0.6214238905613237,0.4997333333333333
11.0,3.024690866470337,0.0013736499975622691,"train",1180.0,"2022-08-14 15:41:43.542048","","","","","","","","","","","","",""
11.0,2.6812572479248047,0.0014028480333717502,"train",1200.0,"2022-08-14 15:41:53.528775","","","","","","","","","","","","",""
11.0,2.7122316360473633,0.0014316595380431873,"train",1220.0,"2022-08-14 15:42:04.750017","","","","","","","","","","","","",""
11.0,2.4512946605682373,0.0014600538195439238,"train",1240.0,"2022-08-14 15:42:14.162717","","","","","","","","","","","","",""
11.0,2.6562066078186035,0.0014880006302966466,"train",1260.0,"2022-08-14 15:42:26.642607","","","","","","","","","","","","",""
11.0,4.047924041748047,0.001515470199401223,"train",1280.0,"2022-08-14 15:42:36.859021","","","","","","","","","","","","",""
11.0,"","","train",1284.0,"2022-08-14 15:42:51.726910",0.9394891944990177,0.9031115420097282,0.9094424489253985,23272.610353457865,0.8803816506862192,0.8598421430279838,-17328.83638497271,0.555992141453831,0.6768295862000656,0.6689965296144513,11385.062416487557,0.5188614154911952,0.7536289785590624
11.0,"","","val",1284.0,"2022-08-14 15:42:55.675198",0.9160186625194401,0.8828561499160257,0.8891219684899978,24057.728616541466,0.8414288845858755,0.8325493885230479,-18083.157435957728,0.5069984447900466,0.6451230479682029,0.6382535375072691,12108.586255373993,0.46608253768679686,0.7114666666666667
12.0,2.637113571166992,0.0015424332643487475,"train",1300.0,"2022-08-14 15:43:06.901419","","","","","","","","","","","","",""
12.0,1.8204262256622314,0.0015688611021940184,"train",1320.0,"2022-08-14 15:43:16.823126","","","","","","","","","","","","",""
12.0,2.3464584350585938,0.0015947255601532285,"train",1340.0,"2022-08-14 15:43:27.441893","","","","","","","","","","","","",""
12.0,2.512850284576416,0.0016199990855942823,"train",1360.0,"2022-08-14 15:43:39.024953","","","","","","","","","","","","",""
12.0,2.648606777191162,0.0016446547553877907,"train",1380.0,"2022-08-14 15:43:49.646628","","","","","","","","","","","","",""
12.0,"","","train",1391.0,"2022-08-14 15:44:08.190308",0.8868369351669941,0.9010878325496411,0.9084305719623064,21750.322671465055,0.8133354522061744,0.8555369528820856,-16460.501913662738,0.5713163064833006,0.6759210094830534,0.6756345071014377,11170.681155860424,0.5474887503505966,0.7364495938207485
12.0,"","","val",1391.0,"2022-08-14 15:44:12.521047",0.8398133748055988,0.8783790515981442,0.8870242520800143,22066.69371478756,0.7579110511636749,0.8203198494825964,-16850.18887549776,0.5334370139968896,0.6687963355907197,0.6585675518511341,11633.684036207958,0.5069623359097043,0.7077333333333333
13.0,3.1690096855163574,0.0016686663045874736,"train",1400.0,"2022-08-14 15:44:18.683511","","","","","","","","","","","","",""
13.0,2.6530518531799316,0.001692008154409419,"train",1420.0,"2022-08-14 15:44:30.046536","","","","","","","","","","","","",""
13.0,2.030567169189453,0.0017146554394803966,"train",1440.0,"2022-08-14 15:44:40.524847","","","","","","","","","","","","",""
13.0,3.2086544036865234,0.0017365840343261934,"train",1460.0,"2022-08-14 15:44:50.919072","","","","","","","","","","","","",""
13.0,2.5945076942443848,0.0017577705790717609,"train",1480.0,"2022-08-14 15:45:02.907552","","","","","","","","","","","","",""
13.0,"","","train",1498.0,"2022-08-14 15:45:27.600227",0.9332023575638507,0.8987150959329662,0.9036009770793885,25862.971621916862,0.8581858540512334,0.818703659411624,-22292.63711391527,0.631041257367387,0.6954537998336687,0.6942017804264333,18722.302605913672,0.5811959431076099,0.40777733386602744
13.0,"","","val",1498.0,"2022-08-14 15:45:33.593492",0.9346811819595645,0.8815281464350108,0.8830058417418993,25374.787495876717,0.8643459915611815,0.8250235183443085,-21708.065785134182,0.6298600311041991,0.6784345608856366,0.6655359565807331,18041.344074391647,0.5842371223647034,0.4208
14.0,2.0535318851470947,0.0017781925043257878,"train",1500.0,"2022-08-14 15:45:38.933552","","","","","","","","","","","","",""
14.0,2.1872963905334473,0.0017978280552231963,"train",1520.0,"2022-08-14 15:45:50.047920","","","","","","","","","","","","",""
14.0,2.2891178131103516,0.0018166563145999494,"train",1540.0,"2022-08-14 15:46:00.138260","","","","","","","","","","","","",""
14.0,2.6875030994415283,0.0018346572252754794,"train",1560.0,"2022-08-14 15:46:10.516064","","","","","","","","","","","","",""
14.0,3.00205659866333,0.0018518116114189993,"train",1580.0,"2022-08-14 15:46:22.516592","","","","","","","","","","","","",""
14.0,2.8619611263275146,0.0018681011989769415,"train",1600.0,"2022-08-14 15:46:36.051907","","","","","","","","","","","","",""
14.0,"","","train",1605.0,"2022-08-14 15:46:54.169331",0.9355599214145384,0.9119228586359083,0.9188695594443357,25287.809222899174,0.8648268768395307,0.8277923941640756,-19607.83558448889,0.5021611001964637,0.6776901193915768,0.6787179038772415,13927.861946078609,0.372746532614597,0.8184844852843255
14.0,"","","val",1605.0,"2022-08-14 15:46:58.302163",0.9331259720062208,0.8964304731762287,0.8954328199681374,23570.340311051466,0.8700368986345155,0.8504233301975541,-18686.948452732293,0.49611197511664074,0.6668893615559173,0.6498061639852692,13803.556594413121,0.3707502718376223,0.8165333333333333
15.0,2.934126138687134,0.001883508635139761,"train",1620.0,"2022-08-14 15:47:08.444098","","","","","","","","","","","","",""
15.0,2.786083936691284,0.0018980175068273619,"train",1640.0,"2022-08-14 15:47:19.241803","","","","","","","","","","","","",""
15.0,2.561302423477173,0.0019116123581734605,"train",1660.0,"2022-08-14 15:47:34.299852","","","","","","","","","","","","",""
15.0,2.726170301437378,0.001924278706990256,"train",1680.0,"2022-08-14 15:47:46.833611","","","","","","","","","","","","",""
15.0,2.631201982498169,0.001936003060195872,"train",1700.0,"2022-08-14 15:47:57.427488","","","","","","","","","","","","",""
15.0,"","","train",1712.0,"2022-08-14 15:48:17.900508",0.9135559921414538,0.9014774761653677,0.9073720502184022,31703.26012386204,0.792765943586737,0.7388184644821812,-25699.32134916153,0.6196463654223968,0.6902173209119877,0.6865653564560534,19695.382574461026,0.5545337898730918,0.3708882674124384
15.0,"","","val",1712.0,"2022-08-14 15:48:24.127610",0.9160186625194401,0.8750049556939969,0.8733669676048863,30340.476277485206,0.8072713143872113,0.753527751646284,-24470.057286957577,0.6438569206842923,0.6722693567905476,0.6632389998061645,18599.63829642995,0.5862093191213127,0.4064
16.0,2.3260374069213867,0.0019467729281881316,"train",1720.0,"2022-08-14 15:48:32.187215","","","","","","","","","","","","",""
16.0,2.6348352432250977,0.0019565768381493574,"train",1740.0,"2022-08-14 15:48:44.551315","","","","","","","","","","","","",""
16.0,2.1682627201080322,0.001965404346268019,"train",1760.0,"2022-08-14 15:48:54.913265","","","","","","","","","","","","",""
16.0,2.745738983154297,0.001973246048864214,"train",1780.0,"2022-08-14 15:49:07.614155","","","","","","","","","","","","",""
16.0,2.1945557594299316,0.0019800935924071243,"train",1800.0,"2022-08-14 15:49:22.188237","","","","","","","","","","","","",""
16.0,"","","train",1819.0,"2022-08-14 15:49:47.156971",0.9261296660117878,0.9219091987233337,0.9317566825087195,22032.812125198405,0.8654629585889329,0.8737144223869887,-16382.839406537052,0.6220039292730845,0.7014369049304765,0.7063025563196117,10732.8666878757,0.6142422901714024,0.7285923558396591
16.0,"","","val",1819.0,"2022-08-14 15:49:51.333686",0.9051321928460342,0.8994784975679189,0.9077447335811651,22066.69371478756,0.8368380110901732,0.8598306679209784,-16754.80765389854,0.5769828926905132,0.6781268925161317,0.6731924791626285,11442.921593009522,0.570161813570319,0.68
17.0,2.5193474292755127,0.001985939682413785,"train",1820.0,"2022-08-14 15:49:54.901439","","","","","","","","","","","","",""
17.0,3.6829094886779785,0.0019907780912196776,"train",1840.0,"2022-08-14 15:50:08.372837","","","","","","","","","","","","",""
17.0,2.9038219451904297,0.0019946036646128714,"train",1860.0,"2022-08-14 15:50:23.582682","","","","","","","","","","","","",""
17.0,2.020636558532715,0.001997412327324656,"train",1880.0,"2022-08-14 15:50:33.329047","","","","","","","","","","","","",""
17.0,2.121506690979004,0.0019992010873707998,"train",1900.0,"2022-08-14 15:50:43.077123","","","","","","","","","","","","",""
17.0,2.527904510498047,0.001999968039238821,"train",1920.0,"2022-08-14 15:50:53.657230","","","","","","","","","","","","",""
17.0,"","","train",1926.0,"2022-08-14 15:51:10.135998",0.9351669941060904,0.9026003024794058,0.9069367943188372,23511.834846662125,0.8722556292853343,0.8533843578091366,-17870.012999729162,0.6066797642436149,0.6864615083597028,0.6831179894009876,12228.191152796198,0.6060469602285337,0.644027167399121
17.0,"","","val",1926.0,"2022-08-14 15:51:14.123380",0.9160186625194401,0.8851239614333222,0.8917596034696411,24310.19881457623,0.8401381215469613,0.8287864534336783,-18085.137873042062,0.5987558320373251,0.6809626417861847,0.6775731730955612,11860.076931507892,0.5976961877970706,0.6512
18.0,1.8728269338607788,0.001999945023078787,"train",1940.0,"2022-08-14 15:51:23.675573","","","","","","","","","","","","",""
18.0,2.763882637023926,0.0019997006933960663,"train",1960.0,"2022-08-14 15:51:33.671158","","","","","","","","","","","","",""
18.0,2.517639636993408,0.001999260950115111,"train",1980.0,"2022-08-14 15:51:44.345202","","","","","","","","","","","","",""
18.0,2.0073437690734863,0.0019986258791938093,"train",2000.0,"2022-08-14 15:51:54.654767","","","","","","","","","","","","",""
18.0,2.5656850337982178,0.001997795604771308,"train",2020.0,"2022-08-14 15:52:05.276458","","","","","","","","","","","","",""
18.0,"","","train",2033.0,"2022-08-14 15:52:25.225387",0.9379174852652259,0.9256149197046719,0.9374559306978771,25644.875497993013,0.8672280305991991,0.8244439129394882,-22513.184441602403,0.6251473477406679,0.7006179965186409,0.7044660203773929,19381.49338521179,0.5649039392023534,0.38340657877214007
18.0,"","","val",2033.0,"2022-08-14 15:52:29.384040",0.9315707620528771,0.9037295662808063,0.9277217206585247,25653.819853834564,0.8578862768736186,0.819379115710254,-22033.521755102753,0.6469673405909798,0.6778800906681632,0.6772921108742007,18413.22365637094,0.5920062165795954,0.41386666666666666
19.0,2.6918785572052,0.0019967702891437442,"train",2040.0,"2022-08-14 15:52:35.120893","","","","","","","","","","","","",""
19.0,2.344539165496826,0.0019955501327325238,"train",2060.0,"2022-08-14 15:52:45.693915","","","","","","","","","","","","",""
19.0,2.8246335983276367,0.0019941353740451423,"train",2080.0,"2022-08-14 15:52:55.469953","","","","","","","","","","","","",""
19.0,1.985001564025879,0.001992526289628564,"train",2100.0,"2022-08-14 15:53:06.063585","","","","","","","","","","","","",""
19.0,2.5134334564208984,0.001990723194015164,"train",2120.0,"2022-08-14 15:53:15.231721","","","","","","","","","","","","",""
19.0,1.524541974067688,0.0019887264396612463,"train",2140.0,"2022-08-14 15:53:26.876544","","","","","","","","","","","","",""
19.0,"","","train",2140.0,"2022-08-14 15:53:40.086591",0.9324165029469548,0.9156266641072721,0.923191212695617,27071.926307727863,0.8510512905666952,0.8029179622099976,-22771.438724640397,0.6400785854616896,0.7010594767192493,0.7008993897163878,18470.95114155293,0.5925768246151953,0.41936343055000663
19.0,"","","val",2140.0,"2022-08-14 15:53:44.537486",0.9253499222395023,0.8889488377180712,0.9056647194193643,26816.906606699882,0.842014742014742,0.8005644402634055,-21994.064837358572,0.6609642301710731,0.6787004932434682,0.6699554177166118,17171.223068017258,0.6226038166623589,0.4613333333333333
20.0,2.4175519943237305,0.001986536416878149,"train",2160.0,"2022-08-14 15:53:57.544144","","","","","","","","","","","","",""
20.0,2.5583572387695312,0.001984153553755946,"train",2180.0,"2022-08-14 15:54:06.283387","","","","","","","","","","","","",""
20.0,2.962378978729248,0.00198157831607977,"train",2200.0,"2022-08-14 15:54:16.078331","","","","","","","","","","","","",""
20.0,2.3420422077178955,0.0019788112072387626,"train",2220.0,"2022-08-14 15:54:25.634802","","","","","","","","","","","","",""
20.0,2.572636604309082,0.0019758527681276766,"train",2240.0,"2022-08-14 15:54:35.182786","","","","","","","","","","","","",""
20.0,"","","train",2247.0,"2022-08-14 15:54:52.325561",0.9414538310412573,0.9197436339526528,0.9275626585350198,23633.89917616006,0.8820655914416576,0.8552977756517579,-20856.433379237056,0.6385068762278978,0.7035602981229563,0.7023928110617299,18078.967582314053,0.5971992843380126,0.43214808895991474
20.0,"","","val",2247.0,"2022-08-14 15:54:56.554771",0.9300155520995335,0.907306333766766,0.9133961763143923,24057.728616541466,0.8628341447458865,0.8410159924741298,-20274.159153590183,0.6640746500777605,0.6682084909827583,0.6593235123085873,16490.5896906389,0.6337573571292956,0.48586666666666667
21.0,2.263955593109131,0.001972703577041144,"train",2260.0,"2022-08-14 15:55:05.000525","","","","","","","","","","","","",""
21.0,2.152411937713623,0.0019693642495606373,"train",2280.0,"2022-08-14 15:55:16.401528","","","","","","","","","","","","",""
21.0,2.344696044921875,0.001965835438434137,"train",2300.0,"2022-08-14 15:55:27.794934","","","","","","","","","","","","",""
21.0,2.653944492340088,0.0019621178334485396,"train",2320.0,"2022-08-14 15:55:38.109929","","","","","","","","","","","","",""
21.0,2.413860321044922,0.0019582121612948234,"train",2340.0,"2022-08-14 15:55:48.241427","","","","","","","","","","","","",""
21.0,"","","train",2354.0,"2022-08-14 15:56:10.001186",0.9025540275049115,0.9231942122190961,0.9309934823219128,21125.481032029904,0.837938712712244,0.8794546759148529,-16266.729665917232,0.6200392927308448,0.6964064476769996,0.6976420411008337,11407.97829980456,0.6174345262846994,0.6863763483819417
21.0,"","","val",2354.0,"2022-08-14 15:56:14.549437",0.880248833592535,0.9046351861121288,0.9266064790228341,20794.83172345679,0.8138635227242823,0.8748824082784572,-16370.639420036241,0.5645412130637636,0.6712342000547797,0.6610971118433805,11946.447116615693,0.5600453541336774,0.6501333333333333
22.0,2.6104466915130615,0.0019541191854259973,"train",2360.0,"2022-08-14 15:56:19.703514","","","","","","","","","","","","",""
22.0,2.423051118850708,0.0019498397059078678,"train",2380.0,"2022-08-14 15:56:29.715203","","","","","","","","","","","","",""
22.0,2.4390666484832764,0.0019453745592626496,"train",2400.0,"2022-08-14 15:56:40.794729","","","","","","","","","","","","",""
22.0,2.364405632019043,0.001940724618305446,"train",2420.0,"2022-08-14 15:56:51.740141","","","","","","","","","","","","",""
22.0,2.2084879875183105,0.0019358907919736373,"train",2440.0,"2022-08-14 15:57:02.186644","","","","","","","","","","","","",""
22.0,1.8616117238998413,0.0019308740251492095,"train",2460.0,"2022-08-14 15:57:12.885825","","","","","","","","","","","","",""
22.0,"","","train",2461.0,"2022-08-14 15:57:27.639912",0.9339882121807466,0.9124261163930811,0.9217749855773214,26609.856428237865,0.8559868718877319,0.8096149246591724,-21186.50732991392,0.6506876227897839,0.7101278764824153,0.7069705561020929,15763.158231589974,0.6337045173320925,0.5156478891996271
22.0,"","","val",2461.0,"2022-08-14 15:57:33.166387",0.926905132192846,0.8857534811389669,0.8989555673570551,26226.26952169929,0.8474865381800931,0.8090310442144873,-20726.418057002575,0.6360808709175739,0.6446768612986682,0.631701880209343,15226.56659230586,0.6217875241312741,0.5210666666666667
23.0,2.4811244010925293,0.0019256752984740542,"train",2480.0,"2022-08-14 15:57:48.847893","","","","","","","","","","","","",""
23.0,2.3155808448791504,0.0019202956281582808,"train",2500.0,"2022-08-14 15:58:00.054747","","","","","","","","","","","","",""
23.0,2.145843982696533,0.0019147360657815738,"train",2520.0,"2022-08-14 15:58:11.293053","","","","","","","","","","","","",""
23.0,2.0729644298553467,0.0019089976980876378,"train",2540.0,"2022-08-14 15:58:20.649593","","","","","","","","","","","","",""
23.0,2.8272693157196045,0.0019030816467717707,"train",2560.0,"2022-08-14 15:58:32.294019","","","","","","","","","","","","",""
23.0,"","","train",2568.0,"2022-08-14 15:58:55.083174",0.9359528487229862,0.9225831381608154,0.9321169633618096,22081.62000628637,0.8802207355986105,0.8787371442238698,-19028.939145151846,0.6534381139489195,0.7142831123465582,0.7149840817073116,15976.258284017318,0.6342447030667073,0.5091223864695699
23.0,"","","val",2568.0,"2022-08-14 15:58:59.537811",0.9051321928460342,0.9026504227411707,0.9150557620817823,22260.836901669572,0.8356979788459524,0.8560677328316086,-18708.871158606544,0.6485225505443235,0.667537573564633,0.6622504361310335,15156.905415543515,0.6333020429586563,0.5274666666666666
24.0,2.711270570755005,0.0018969890682615988,"train",2580.0,"2022-08-14 15:59:08.170759","","","","","","","","","","","","",""
24.0,2.6529388427734375,0.0018907211534910297,"train",2600.0,"2022-08-14 15:59:20.077733","","","","","","","","","","","","",""
24.0,2.350576400756836,0.0018842791276674556,"train",2620.0,"2022-08-14 15:59:33.459876","","","","","","","","","","","","",""
24.0,2.537564277648926,0.0018776642500322588,"train",2640.0,"2022-08-14 15:59:45.578718","","","","","","","","","","","","",""
24.0,1.7344844341278076,0.001870877813614664,"train",2660.0,"2022-08-14 15:59:56.045697","","","","","","","","","","","","",""
24.0,"","","train",2675.0,"2022-08-14 16:00:22.788085",0.9449901768172888,0.9307476280665715,0.9363158521286072,23633.89917616006,0.8880545431695362,0.857450370724707,-21005.273881842742,0.6447937131630649,0.7137344591518946,0.7154518669388922,18376.648587525426,0.5979142461267867,0.4241576774537222
24.0,"","","val",2675.0,"2022-08-14 16:00:27.113556",0.9284603421461898,0.8955057684450389,0.9143388210302718,23811.053727613496,0.8615521437932971,0.8438381937911571,-20397.768171817363,0.671850699844479,0.6778141813336812,0.6710408993991085,16984.482616021232,0.6343173958863975,0.47146666666666665
25.0,2.6006827354431152,0.0018639211449789864,"train",2680.0,"2022-08-14 16:00:32.210784","","","","","","","","","","","","",""
25.0,3.130615234375,0.001856795603965325,"train",2700.0,"2022-08-14 16:00:43.065305","","","","","","","","","","","","",""
25.0,2.0127527713775635,0.0018495025834237486,"train",2720.0,"2022-08-14 16:00:55.727684","","","","","","","","","","","","",""
25.0,2.770881414413452,0.0018420435089420335,"train",2740.0,"2022-08-14 16:01:06.192417","","","","","","","","","","","","",""
25.0,2.278378963470459,0.0018344198385669994,"train",2760.0,"2022-08-14 16:01:15.838575","","","","","","","","","","","","",""
25.0,1.9691448211669922,0.001826633062519499,"train",2780.0,"2022-08-14 16:01:26.686955","","","","","","","","","","","","",""
25.0,"","","train",2782.0,"2022-08-14 16:01:44.828986",0.9481335952848723,0.9303754989090945,0.9393617849326521,22649.823567291467,0.8974699863024735,0.8756278402296102,-16582.673806244333,0.6176817288801572,0.7194225111774062,0.7223147768225697,10515.5240451972,0.6050008222885335,0.749500599280863
25.0,"","","val",2782.0,"2022-08-14 16:01:49.281742",0.9331259720062208,0.9000942892292807,0.9093733404142319,22670.50269692155,0.8742364077162053,0.8654750705550329,-17385.241400834835,0.5349922239502333,0.6604011244049477,0.6520158945532082,12099.980104748123,0.5248373136799855,0.6506666666666666
26.0,2.4816927909851074,0.001818684702903123,"train",2800.0,"2022-08-14 16:02:00.206486","","","","","","","","","","","","",""
26.0,2.3160572052001953,0.0018105763134066684,"train",2820.0,"2022-08-14 16:02:10.435159","","","","","","","","","","","","",""
26.0,2.221508502960205,0.001802309479000434,"train",2840.0,"2022-08-14 16:02:20.549909","","","","","","","","","","","","",""
26.0,2.5569069385528564,0.0017938858156264035,"train",2860.0,"2022-08-14 16:02:30.222950","","","","","","","","","","","","",""
26.0,1.697049856185913,0.0017853069698823708,"train",2880.0,"2022-08-14 16:02:38.913291","","","","","","","","","","","","",""
26.0,"","","train",2889.0,"2022-08-14 16:02:55.362619",0.9347740667976424,0.9299364642031338,0.9412290069869872,21750.322671465055,0.8800504476920351,0.8847165749820617,-17411.423468437766,0.6612966601178782,0.7217346358199448,0.7226144807027785,13072.524265410477,0.658996938450672,0.6167265947529631
26.0,"","","val",2889.0,"2022-08-14 16:02:59.388360",0.911353032659409,0.9077656572067632,0.9275269959284844,22066.69371478756,0.8453863969052813,0.863593603010348,-17580.40756108747,0.6267496111975117,0.6864133528037999,0.6781643729404929,13094.121407387378,0.625072886297376,0.5989333333333333
27.0,2.6156561374664307,0.001776574618700076,"train",2900.0,"2022-08-14 16:03:07.450817","","","","","","","","","","","","",""
27.0,2.4949393272399902,0.0017676904690174101,"train",2920.0,"2022-08-14 16:03:16.925579","","","","","","","","","","","","",""
27.0,2.3529882431030273,0.0017586562574447553,"train",2940.0,"2022-08-14 16:03:28.160577","","","","","","","","","","","","",""
27.0,2.858319044113159,0.0017494737499255248,"train",2960.0,"2022-08-14 16:03:38.761051","","","","","","","","","","","","",""
27.0,2.6852755546569824,0.0017401447413909678,"train",2980.0,"2022-08-14 16:03:48.140487","","","","","","","","","","","","",""
27.0,"","","train",2996.0,"2022-08-14 16:04:08.507226",0.9489194499017681,0.9361308627138024,0.9460065199674028,22542.335844789257,0.8992434043030086,0.8780196125328869,-18391.317511526213,0.6719056974459725,0.7309351395157777,0.7322253970921926,14240.299178263165,0.6635101602886015,0.5761086695964842
27.0,"","","val",2996.0,"2022-08-14 16:04:12.960840",0.9253499222395023,0.895267213922158,0.9113117365905448,23335.756760493827,0.8590478974096671,0.8494825964252116,-18817.244928214655,0.6298600311041991,0.6761482160292808,0.6717871680558254,14298.733095935486,0.6226302499457497,0.5530666666666667
28.0,2.938645601272583,0.0017306710554093106,"train",3000.0,"2022-08-14 16:04:17.265638","","","","","","","","","","","","",""
28.0,2.374070644378662,0.0017210545438292972,"train",3020.0,"2022-08-14 16:04:26.386194","","","","","","","","","","","","",""
28.0,2.0250089168548584,0.0017112970864182038,"train",3040.0,"2022-08-14 16:04:35.909304","","","","","","","","","","","","",""
28.0,2.624725341796875,0.0017014005904943952,"train",3060.0,"2022-08-14 16:04:45.638044","","","","","","","","","","","","",""
28.0,1.7821065187454224,0.0016913669905544953,"train",3080.0,"2022-08-14 16:04:54.800527","","","","","","","","","","","","",""
28.0,2.434664726257324,0.0016811982478952452,"train",3100.0,"2022-08-14 16:05:04.334227","","","","","","","","","","","","",""
28.0,"","","train",3103.0,"2022-08-14 16:05:19.009586",0.9504911591355599,0.942325278924231,0.9491766480774375,23040.079500680404,0.8999327205368377,0.8703659411624013,-20308.30161910248,0.6557956777996071,0.7352231955779509,0.7358576845310774,17576.52373752456,0.6185765611633876,0.4550539352776668
28.0,"","","val",3103.0,"2022-08-14 16:05:23.560112",0.9237947122861586,0.9025689934915933,0.916994158258098,25100.753086419754,0.8480367331780276,0.8222013170272813,-21074.036687630214,0.6609642301710731,0.6884707958088957,0.6751114557084701,17047.32028884067,0.6242467457270915,0.4656
29.0,1.9200451374053955,0.0016708963502301251,"train",3120.0,"2022-08-14 16:05:35.917324","","","","","","","","","","","","",""
29.0,1.7770005464553833,0.001660463311300807,"train",3140.0,"2022-08-14 16:05:46.615947","","","","","","","","","","","","",""
29.0,2.94075870513916,0.0016499011704835247,"train",3160.0,"2022-08-14 16:05:57.153789","","","","","","","","","","","","",""
29.0,2.2107837200164795,0.0016392119923904316,"train",3180.0,"2022-08-14 16:06:07.890815","","","","","","","","","","","","",""
29.0,1.9788260459899902,0.0016283978664660224,"train",3200.0,"2022-08-14 16:06:18.836779","","","","","","","","","","","","",""
29.0,"","","train",3210.0,"2022-08-14 16:06:37.295222",0.9477406679764243,0.9384347097241267,0.947665986740295,23946.02805272414,0.8915390632084519,0.8543410667304473,-20050.575968756126,0.6711198428290767,0.7347529790372014,0.7396030561144538,16155.123884788109,0.6480183730091652,0.5087228658942602
29.0,"","","val",3210.0,"2022-08-14 16:06:41.510874",0.9300155520995335,0.8948451741422084,0.9077801380775345,25100.753086419754,0.8579424110759261,0.825964252116651,-20400.118231000768,0.6485225505443235,0.6638936717962711,0.6543806939329326,15699.483375581784,0.6285782930519772,0.5082666666666666
30.0,2.441880941390991,0.0016174609065787065,"train",3220.0,"2022-08-14 16:06:49.024624","","","","","","","","","","","","",""
30.0,2.023477554321289,0.0016064032506076021,"train",3240.0,"2022-08-14 16:06:58.507071","","","","","","","","","","","","",""
30.0,2.205238103866577,0.0015952270600246392,"train",3260.0,"2022-08-14 16:07:08.169290","","","","","","","","","","","","",""
30.0,2.1511971950531006,0.0015839345194720506,"train",3280.0,"2022-08-14 16:07:19.019941","","","","","","","","","","","","",""
30.0,2.757058620452881,0.0015725278363353334,"train",3300.0,"2022-08-14 16:07:32.905001","","","","","","","","","","","","",""
30.0,"","","train",3317.0,"2022-08-14 16:07:58.965374",0.9516699410609037,0.9459329515107302,0.9527765949653371,21486.085605720044,0.9083225338809937,0.9007414494140158,-16602.674131580745,0.6656188605108055,0.7433089829127921,0.7468120158391953,11719.262657441448,0.6656087415616501,0.6730589958716208
30.0,"","","val",3317.0,"2022-08-14 16:08:03.316240",0.9206842923794712,0.9031317592199551,0.9175606302000354,22885.66398384212,0.8543135503991683,0.8541862652869238,-17689.38972053304,0.6236391912908242,0.6886434224498799,0.6793080054274088,12493.115457223957,0.6233759318423855,0.6234666666666666
31.0,2.4065072536468506,0.0015610092403117652,"train",3320.0,"2022-08-14 16:08:06.833915","","","","","","","","","","","","",""
31.0,1.982909917831421,0.001549380982974559,"train",3340.0,"2022-08-14 16:08:19.222700","","","","","","","","","","","","",""
31.0,2.4524824619293213,0.0015376453373327403,"train",3360.0,"2022-08-14 16:08:32.425086","","","","","","","","","","","","",""
31.0,2.263181447982788,0.0015258045973868374,"train",3380.0,"2022-08-14 16:08:43.808970","","","","","","","","","","","","",""
31.0,2.1502819061279297,0.0015138610776804652,"train",3400.0,"2022-08-14 16:08:53.898544","","","","","","","","","","","","",""
31.0,2.5499868392944336,0.001501817112847895,"train",3420.0,"2022-08-14 16:09:05.726234","","","","","","","","","","","","",""
31.0,"","","train",3424.0,"2022-08-14 16:09:24.861574",0.9493123772102161,0.9447004029234087,0.9534897163997318,21201.808391311897,0.9057711764072759,0.9060033484812245,-15662.316781301324,0.6440078585461689,0.7532656545590386,0.7551348234898632,10122.825171290753,0.6344749547566115,0.7642828605673192
31.0,"","","val",3424.0,"2022-08-14 16:09:29.170903",0.9051321928460342,0.8982338847474991,0.9195344308727194,22462.167154352355,0.8345363194951254,0.852304797742239,-17065.567320032536,0.552099533437014,0.6758000339484082,0.6716127156425665,11668.96748571272,0.5407689560766575,0.6757333333333333
32.0,2.1569364070892334,0.0014896750571576974,"train",3440.0,"2022-08-14 16:09:39.227558","","","","","","","","","","","","",""
32.0,2.248985528945923,0.0014774372840525446,"train",3460.0,"2022-08-14 16:09:51.808854","","","","","","","","","","","","",""
32.0,2.186785936355591,0.0014651061856852702,"train",3480.0,"2022-08-14 16:10:03.880848","","","","","","","","","","","","",""
32.0,2.103025436401367,0.0014526841724512654,"train",3500.0,"2022-08-14 16:10:13.848979","","","","","","","","","","","","",""
32.0,2.6171255111694336,0.0014401736725173113,"train",3520.0,"2022-08-14 16:10:25.856125","","","","","","","","","","","","",""
32.0,"","","train",3531.0,"2022-08-14 16:10:46.878334",0.9390962671905697,0.9461502422524821,0.955829681876874,21015.168602907157,0.89064805597622,0.9045682850992586,-16819.42306192896,0.6868369351669941,0.7403793350402135,0.7450310950500039,12623.677520950761,0.684522173649246,0.6402983086962312
32.0,"","","val",3531.0,"2022-08-14 16:10:50.866741",0.9020217729393468,0.9142615478236028,0.930607187112763,21700.706793979876,0.8348923370382597,0.8654750705550329,-17650.790618376526,0.6174183514774495,0.6800187308883527,0.6733087807714677,13600.874442773174,0.6145985614876324,0.5765333333333333
33.0,2.6749427318573,0.0014275771313469418,"train",3540.0,"2022-08-14 16:10:57.716684","","","","","","","","","","","","",""
33.0,2.4962751865386963,0.0014148970112224189,"train",3560.0,"2022-08-14 16:11:07.623731","","","","","","","","","","","","",""
33.0,2.3717119693756104,0.0014021357907634236,"train",3580.0,"2022-08-14 16:11:20.003756","","","","","","","","","","","","",""
33.0,2.162080764770508,0.0013892959644425536,"train",3600.0,"2022-08-14 16:11:33.898425","","","","","","","","","","","","",""
33.0,2.3054747581481934,0.0013763800420977215,"train",3620.0,"2022-08-14 16:11:43.315822","","","","","","","","","","","","",""
33.0,"","","train",3638.0,"2022-08-14 16:12:04.042885",0.9497053045186641,0.9445389612242643,0.9557489835444086,21704.99696966758,0.9041036208419193,0.8947620186558239,-17442.56754377372,0.6821218074656189,0.7389743347682229,0.748618890366467,13180.138117879858,0.6781134734409475,0.617925156478892
33.0,"","","val",3638.0,"2022-08-14 16:12:07.782868",0.9331259720062208,0.9173328601617299,0.9316427686316163,21879.9216,0.8781042654028436,0.8805268109125117,-17712.607222582006,0.640746500777605,0.6940220271819333,0.6808102345415775,13545.29284516401,0.6364377345189929,0.5845333333333333
34.0,2.4208500385284424,0.0013633905484415493,"train",3640.0,"2022-08-14 16:12:10.810227","","","","","","","","","","","","",""
34.0,1.8861359357833862,0.0013503300225678556,"train",3660.0,"2022-08-14 16:12:21.092746","","","","","","","","","","","","",""
34.0,2.36967396736145,0.0013372010174553311,"train",3680.0,"2022-08-14 16:12:31.668485","","","","","","","","","","","","",""
34.0,2.3475348949432373,0.001324006099468502,"train",3700.0,"2022-08-14 16:12:42.686532","","","","","","","","","","","","",""
34.0,2.7362613677978516,0.0013107478478560732,"train",3720.0,"2022-08-14 16:12:51.945665","","","","","","","","","","","","",""
34.0,2.031607151031494,0.0012974288542467564,"train",3740.0,"2022-08-14 16:13:01.376515","","","","","","","","","","","","",""
34.0,"","","train",3745.0,"2022-08-14 16:13:17.227735",0.9548133595284872,0.9477373035119334,0.9551695008378869,21660.18145233747,0.912849447140774,0.8988280315713943,-17120.573175356643,0.6931237721021611,0.7560004601097382,0.7611749380817963,12580.964898375812,0.6905967738797112,0.6434944732987082
34.0,"","","val",3745.0,"2022-08-14 16:13:21.522343",0.9237947122861586,0.9032645880413096,0.9108603292618164,23570.340311051466,0.855528807575028,0.8447789275634995,-18550.463788363446,0.6236391912908242,0.6771923098094184,0.6660980810234546,13530.587265675424,0.6206582155046318,0.5808
35.0,2.62137508392334,0.0012840517221426782,"train",3760.0,"2022-08-14 16:13:31.652458","","","","","","","","","","","","",""
35.0,2.1069090366363525,0.0012706190664104622,"train",3780.0,"2022-08-14 16:13:41.881461","","","","","","","","","","","","",""
35.0,2.0435843467712402,0.0012571335127700976,"train",3800.0,"2022-08-14 16:13:53.434063","","","","","","","","","","","","",""
35.0,2.337707281112671,0.00124359769728168,"train",3820.0,"2022-08-14 16:14:04.460695","","","","","","","","","","","","",""
35.0,2.2071807384490967,0.0012300142658301333,"train",3840.0,"2022-08-14 16:14:14.204118","","","","","","","","","","","","",""
35.0,"","","train",3852.0,"2022-08-14 16:14:32.356991",0.9504911591355599,0.9568489997528409,0.9644824318013279,20909.9511306704,0.9091312508926204,0.9143745515426931,-16167.799185033073,0.7037328094302554,0.7684921999781037,0.7743180346346461,11425.647239395745,0.7033700493916932,0.6918364629111733
35.0,"","","val",3852.0,"2022-08-14 16:14:36.664903",0.9206842923794712,0.9070069087721357,0.9192290670915191,21879.9216,0.8596628622048761,0.8730009407337723,-17376.53681467999,0.6158631415241057,0.6809829687682232,0.6689765458422168,12873.152029359971,0.6152340390480966,0.6058666666666667
36.0,4.2230753898620605,0.0012163858736080112,"train",3860.0,"2022-08-14 16:14:42.056725","","","","","","","","","","","","",""
36.0,2.406280755996704,0.001202715184596479,"train",3880.0,"2022-08-14 16:14:50.754078","","","","","","","","","","","","",""
36.0,2.2896697521209717,0.001189004871044578,"train",3900.0,"2022-08-14 16:14:58.527226","","","","","","","","","","","","",""
36.0,2.134568691253662,0.0011752576129468715,"train",3920.0,"2022-08-14 16:15:06.164592","","","","","","","","","","","","",""
36.0,1.91863214969635,0.0011614760975195814,"train",3940.0,"2022-08-14 16:15:14.070453","","","","","","","","","","","","",""
36.0,"","","train",3959.0,"2022-08-14 16:15:40.852475",0.9426326129666012,0.9363712627527914,0.9470965197842581,21889.328912631274,0.891733682983683,0.8866299928246831,-17294.69395851294,0.6730844793713163,0.7218457907384879,0.724071752198653,12700.059004394605,0.6712715313545208,0.6340391530163804
36.0,"","","val",3959.0,"2022-08-14 16:15:45.266259",0.9175738724727839,0.9065011438938775,0.9186847229598153,22670.50269692155,0.8508897435560865,0.8560677328316086,-17749.647991582133,0.614307931570762,0.6628977837270853,0.6580732700135684,12828.793286242715,0.6138138138138138,0.6074666666666667
37.0,2.767198324203491,0.0011476630186753078,"train",3960.0,"2022-08-14 16:15:47.939639","","","","","","","","","","","","",""
37.0,2.404327392578125,0.0011338210764964432,"train",3980.0,"2022-08-14 16:15:57.209846","","","","","","","","","","","","",""
37.0,2.4503347873687744,0.0011199529767073788,"train",4000.0,"2022-08-14 16:16:11.311289","","","","","","","","","","","","",""
37.0,2.8088603019714355,0.001106061430145611,"train",4020.0,"2022-08-14 16:16:20.718244","","","","","","","","","","","","",""
37.0,1.6420063972473145,0.0010921491522318427,"train",4040.0,"2022-08-14 16:16:28.875683","","","","","","","","","","","","",""
37.0,2.173208713531494,0.0010782188624391953,"train",4060.0,"2022-08-14 16:16:38.565621","","","","","","","","","","","","",""
37.0,"","","train",4066.0,"2022-08-14 16:16:56.060122",0.9516699410609037,0.9413442215814556,0.9513889842769856,22332.869670611544,0.9047723781945218,0.8835206888304233,-17622.64333058031,0.6821218074656189,0.7303935967064202,0.7339173336365398,12912.41699054908,0.6791238039251561,0.6280463443867359
37.0,"","","val",4066.0,"2022-08-14 16:17:02.103554",0.9175738724727839,0.9091471367785189,0.9255089396353344,23570.340311051466,0.8462173687416801,0.8410159924741298,-18413.980063345116,0.6251944012441679,0.6765631391385832,0.6698681915099824,13257.619815638764,0.6230940422478688,0.592
38.0,2.353692054748535,0.001064273283761623,"train",4080.0,"2022-08-14 16:17:14.453250","","","","","","","","","","","","",""
38.0,2.763280153274536,0.0010503151421816443,"train",4100.0,"2022-08-14 16:17:23.046612","","","","","","","","","","","","",""
38.0,2.4097487926483154,0.0010363471661374822,"train",4120.0,"2022-08-14 16:17:33.497255","","","","","","","","","","","","",""
38.0,1.9109745025634766,0.0010223720859897326,"train",4140.0,"2022-08-14 16:17:43.212276","","","","","","","","","","","","",""
38.0,1.8290510177612305,0.0010083926334876498,"train",4160.0,"2022-08-14 16:17:53.311395","","","","","","","","","","","","",""
38.0,"","","train",4173.0,"2022-08-14 16:18:14.484409",0.9497053045186641,0.9429677227570197,0.9513225941594996,22130.912727533978,0.9022767688936779,0.8861516383640278,-18757.15518312296,0.6742632612966601,0.7333836358028799,0.739320191266691,15383.397638711936,0.6576895151640525,0.5364229591157278
38.0,"","","val",4173.0,"2022-08-14 16:18:21.836712",0.926905132192846,0.9100478697290557,0.9244954859267123,23335.756760493827,0.8614255909393127,0.8504233301975541,-19189.890003662025,0.640746500777605,0.6770829481574155,0.6671060283000585,15044.023246830226,0.6273305483421776,0.5290666666666667
39.0,1.8790411949157715,0.0009944115412351662,"train",4180.0,"2022-08-14 16:18:27.964655","","","","","","","","","","","","",""
39.0,2.001685619354248,0.0009804315421567398,"train",4200.0,"2022-08-14 16:18:36.426325","","","","","","","","","","","","",""
39.0,2.939154624938965,0.0009664553689631428,"train",4220.0,"2022-08-14 16:18:44.728755","","","","","","","","","","","","",""
39.0,2.1431796550750732,0.0009524857536172908,"train",4240.0,"2022-08-14 16:18:53.261191","","","","","","","","","","","","",""
39.0,2.4530556201934814,0.0009385254268002188,"train",4260.0,"2022-08-14 16:19:01.278463","","","","","","","","","","","","",""
39.0,1.667277216911316,0.0009245771173773052,"train",4280.0,"2022-08-14 16:19:10.400978","","","","","","","","","","","","",""
39.0,"","","train",4280.0,"2022-08-14 16:19:23.911089",0.950098231827112,0.9391969859667231,0.9484804103367173,22032.812125198405,0.9033484095241655,0.8883042334369768,-18246.07917728963,0.675442043222004,0.7278210859981199,0.7334112357439826,14459.346229380855,0.6653951010928056,0.5693168198162205
39.0,"","","val",4280.0,"2022-08-14 16:19:28.476183",0.926905132192846,0.9111958513993542,0.923822800495663,22885.66398384212,0.863626723223754,0.8579492003762935,-18594.74650654858,0.6267496111975117,0.6735971862036876,0.6633553014150031,14303.829029255041,0.619789100226668,0.552
40.0,2.3889787197113037,0.0009106435518648536,"train",4300.0,"2022-08-14 16:19:39.378820","","","","","","","","","","","","",""
40.0,1.8350826501846313,0.0008967274538971337,"train",4320.0,"2022-08-14 16:19:48.252392","","","","","","","","","","","","",""
40.0,2.195202589035034,0.0008828315436939831,"train",4340.0,"2022-08-14 16:19:57.124284","","","","","","","","","","","","",""
40.0,2.4636142253875732,0.0008689585375290794,"train",4360.0,"2022-08-14 16:20:07.090257","","","","","","","","","","","","",""
40.0,2.083524703979492,0.0008551111471989814,"train",4380.0,"2022-08-14 16:20:15.909709","","","","","","","","","","","","",""
40.0,"","","train",4387.0,"2022-08-14 16:20:32.612289",0.950098231827112,0.9437204126511907,0.9530842215873203,21704.99696966758,0.9047543693231361,0.8950011958861517,-17724.38497581885,0.6809430255402751,0.7347560352057201,0.7423671292199541,13743.772981970127,0.6744654815643754,0.5967505659874817
40.0,"","","val",4387.0,"2022-08-14 16:20:37.184381",0.9206842923794712,0.9115020993699614,0.9251460435475304,22885.66398384212,0.8543135503991683,0.8541862652869238,-18516.936871092712,0.6189735614307932,0.6736438963157306,0.6631130063965891,14148.209758343302,0.6135750957262316,0.5557333333333333
41.0,2.4365410804748535,0.0008412920794930466,"train",4400.0,"2022-08-14 16:20:44.858888","","","","","","","","","","","","",""
41.0,2.1916146278381348,0.0008275040356643278,"train",4420.0,"2022-08-14 16:20:53.869946","","","","","","","","","","","","",""
41.0,2.2701797485351562,0.0008137497109015504,"train",4440.0,"2022-08-14 16:21:03.273385","","","","","","","","","","","","",""
41.0,1.9366015195846558,0.000800031793802277,"train",4460.0,"2022-08-14 16:21:13.017401","","","","","","","","","","","","",""
41.0,2.7120487689971924,0.0007863529658473592,"train",4480.0,"2022-08-14 16:21:21.252527","","","","","","","","","","","","",""
41.0,"","","train",4494.0,"2022-08-14 16:21:40.996318",0.950098231827112,0.9432098235478358,0.952153901449595,21936.663429708773,0.9037554764076374,0.8902176512795982,-18453.67209652158,0.6762278978388998,0.7325411778341795,0.7398366397571723,14970.680763334387,0.6626267072335738,0.5514715674523905
41.0,"","","val",4494.0,"2022-08-14 16:21:45.516500",0.9206842923794712,0.9108183813474366,0.92551336519738,23107.47369995835,0.853178600690387,0.8504233301975541,-18902.224265769644,0.6345256609642301,0.6807512683615264,0.6686179492149644,14696.97483158094,0.6243159718855432,0.5397333333333333
42.0,2.364478826522827,0.0007727159008767807,"train",4500.0,"2022-08-14 16:21:49.849646","","","","","","","","","","","","",""
42.0,2.4706974029541016,0.0007591232645669939,"train",4520.0,"2022-08-14 16:21:57.442953","","","","","","","","","","","","",""
42.0,2.208444356918335,0.0007455777139098531,"train",4540.0,"2022-08-14 16:22:05.796202","","","","","","","","","","","","",""
42.0,2.963817834854126,0.0007320818966932436,"train",4560.0,"2022-08-14 16:22:16.596504","","","","","","","","","","","","",""
42.0,2.0686020851135254,0.0007186384509835112,"train",4580.0,"2022-08-14 16:22:26.008858","","","","","","","","","","","","",""
42.0,2.0456838607788086,0.0007052500046097934,"train",4600.0,"2022-08-14 16:22:33.890601","","","","","","","","","","","","",""
42.0,"","","train",4601.0,"2022-08-14 16:22:48.570372",0.9512770137524558,0.9431179585743301,0.9519132372736994,22230.940202429876,0.9045162211684856,0.885194929442717,-18396.788393171406,0.6770137524557956,0.7340711150507606,0.7413246540737477,14562.636583912934,0.6661546190250647,0.5661206552137436
42.0,"","","val",4601.0,"2022-08-14 16:22:53.573577",0.926905132192846,0.9105518037597894,0.9230306248893607,23335.756760493827,0.8614255909393127,0.8504233301975541,-19114.611636687252,0.6174183514774495,0.6745242966982562,0.6606222136072881,14893.466512880677,0.607740149982145,0.5274666666666666
43.0,2.3307204246520996,0.0006919191746503479,"train",4620.0,"2022-08-14 16:23:05.074301","","","","","","","","","","","","",""
43.0,1.797465205192566,0.0006786485669209852,"train",4640.0,"2022-08-14 16:23:15.627544","","","","","","","","","","","","",""
43.0,2.401029348373413,0.0006654407754657037,"train",4660.0,"2022-08-14 16:23:25.854530","","","","","","","","","","","","",""
43.0,2.7971324920654297,0.0006522983820496229,"train",4680.0,"2022-08-14 16:23:34.899579","","","","","","","","","","","","",""
43.0,2.4234421253204346,0.0006392239556543177,"train",4700.0,"2022-08-14 16:23:42.763774","","","","","","","","","","","","",""
43.0,"","","train",4708.0,"2022-08-14 16:24:01.662566",0.9485265225933203,0.9408184270672948,0.9507448284387828,23882.817292765765,0.8931700547391519,0.8557761301124133,-19647.264503928964,0.6789783889980353,0.7346661151865105,0.7409551222791828,15411.711715092162,0.6616467453149579,0.5369556532161406
43.0,"","","val",4708.0,"2022-08-14 16:24:07.090134",0.9300155520995335,0.912559467905443,0.9243405912550893,24568.300388837986,0.860441897816556,0.8334901222953904,-19866.99604685365,0.6376360808709176,0.6707243212031989,0.6616495444853652,15165.691704869309,0.6236393827262838,0.5237333333333334
44.0,2.3911685943603516,0.0006262200519756551,"train",4720.0,"2022-08-14 16:24:15.946994","","","","","","","","","","","","",""
44.0,1.9984774589538574,0.0006132892129242225,"train",4740.0,"2022-08-14 16:24:23.977243","","","","","","","","","","","","",""
44.0,2.6861236095428467,0.0006004339661284529,"train",4760.0,"2022-08-14 16:24:34.432125","","","","","","","","","","","","",""
44.0,2.264162302017212,0.000587656824440544,"train",4780.0,"2022-08-14 16:24:46.529859","","","","","","","","","","","","",""
44.0,2.4523868560791016,0.0005749602854452616,"train",4800.0,"2022-08-14 16:24:55.908722","","","","","","","","","","","","",""
44.0,"","","train",4815.0,"2022-08-14 16:25:16.724046",0.9520628683693517,0.9421386837427455,0.9515123210900819,22332.869670611544,0.9054438101920542,0.883759866060751,-17846.578179447435,0.6852652259332024,0.7340633558070528,0.7405400169564427,13360.286688283326,0.6802734233169555,0.6120655213743508
44.0,"","","val",4815.0,"2022-08-14 16:25:23.112649",0.9284603421461898,0.9117338821270645,0.9239290139847752,23570.340311051466,0.8626986779560308,0.8476011288805269,-18687.342119436842,0.6236391912908242,0.6707734724473902,0.6608257414227561,13804.343927822216,0.619508020344288,0.5701333333333334
45.0,2.0417864322662354,0.0005623468309717322,"train",4820.0,"2022-08-14 16:25:28.906849","","","","","","","","","","","","",""
45.0,2.2781286239624023,0.0005498189266083086,"train",4840.0,"2022-08-14 16:25:39.058705","","","","","","","","","","","","",""
45.0,1.723845362663269,0.0005373790212206183,"train",4860.0,"2022-08-14 16:25:50.806751","","","","","","","","","","","","",""
45.0,2.6939902305603027,0.0005250295464728749,"train",4880.0,"2022-08-14 16:26:03.035455","","","","","","","","","","","","",""
45.0,2.233771562576294,0.0005127729163525533,"train",4900.0,"2022-08-14 16:26:11.982491","","","","","","","","","","","","",""
45.0,2.297053813934326,0.000500611526698521,"train",4920.0,"2022-08-14 16:26:21.278788","","","","","","","","","","","","",""
45.0,"","","train",4922.0,"2022-08-14 16:26:38.264892",0.9512770137524558,0.9451296272519143,0.9536270752635032,22130.912727533978,0.9049256227826623,0.8871083472853384,-17554.19068725434,0.6844793713163064,0.7384155549245079,0.7451985584552341,12977.468646974705,0.6810996412354384,0.626181915035291
45.0,"","","val",4922.0,"2022-08-14 16:26:44.807543",0.9253499222395023,0.9139339255464538,0.9287528766153299,23570.340311051466,0.8579005524861878,0.845719661335842,-18663.39109497773,0.6205287713841369,0.6689827133948845,0.6589842992828071,13756.441878903994,0.6168506398358895,0.5712
46.0,1.938673973083496,0.0004885477547327177,"train",4940.0,"2022-08-14 16:26:57.010232","","","","","","","","","","","","",""
46.0,2.5347187519073486,0.0004765839585954709,"train",4960.0,"2022-08-14 16:27:06.503442","","","","","","","","","","","","",""
46.0,2.5136680603027344,0.00046472247688454356,"train",4980.0,"2022-08-14 16:27:16.651578","","","","","","","","","","","","",""
46.0,1.9444661140441895,0.00045296562819800425,"train",5000.0,"2022-08-14 16:27:24.953352","","","","","","","","","","","","",""
46.0,2.2961578369140625,0.0004413157106810009,"train",5020.0,"2022-08-14 16:27:34.009013","","","","","","","","","","","","",""
46.0,"","","train",5029.0,"2022-08-14 16:27:51.361202",0.9532416502946954,0.9440901262716661,0.9530896587090087,22759.115316091793,0.9058107743728674,0.8768237263812485,-18665.821342451927,0.6829076620825147,0.7347669107321617,0.741739913883025,14572.527368812061,0.6714132056753044,0.5675855639898788
46.0,"","","val",5029.0,"2022-08-14 16:27:55.835336",0.9284603421461898,0.9118813566689918,0.9263099663657283,23811.053727613496,0.8615521437932971,0.8438381937911571,-19205.554986991694,0.6205287713841369,0.6700935468296485,0.6600213219616204,14600.056246369888,0.6124209486166008,0.5392
47.0,1.9179390668869019,0.0004297750015765373,"train",5040.0,"2022-08-14 16:28:03.159347","","","","","","","","","","","","",""
47.0,1.8156229257583618,0.0004183457567803344,"train",5060.0,"2022-08-14 16:28:12.636927","","","","","","","","","","","","",""
47.0,1.9552892446517944,0.0004070302103998622,"train",5080.0,"2022-08-14 16:28:20.360817","","","","","","","","","","","","",""
47.0,1.9473083019256592,0.00039583057431763334,"train",5100.0,"2022-08-14 16:28:29.480840","","","","","","","","","","","","",""
47.0,2.5362887382507324,0.0003847490377588401,"train",5120.0,"2022-08-14 16:28:37.784824","","","","","","","","","","","","",""
47.0,"","","train",5136.0,"2022-08-14 16:28:58.958297",0.9512770137524558,0.9426024983534675,0.9519698978050035,22649.823567291467,0.9028331654256276,0.8775412580722315,-18725.20817421496,0.6809430255402751,0.7330100784531495,0.7399070856176737,14800.592781138455,0.6680803029349067,0.5589292848581702
47.0,"","","val",5136.0,"2022-08-14 16:29:03.084814",0.9222395023328149,0.91089904723721,0.9250619578686494,23570.340311051466,0.85317489313507,0.8438381937911571,-19049.53971230086,0.6298600311041991,0.6741536946922857,0.6626381081604961,14528.739113550248,0.6212404712404712,0.5445333333333333
48.0,1.9735560417175293,0.00037378776686342,"train",5140.0,"2022-08-14 16:29:06.978456","","","","","","","","","","","","",""
48.0,1.6781049966812134,0.00036294890426263383,"train",5160.0,"2022-08-14 16:29:15.530889","","","","","","","","","","","","",""
48.0,1.9522829055786133,0.0003522345686602406,"train",5180.0,"2022-08-14 16:29:22.830273","","","","","","","","","","","","",""
48.0,2.025115728378296,0.0003416468544183465,"train",5200.0,"2022-08-14 16:29:32.601794","","","","","","","","","","","","",""
48.0,2.6227293014526367,0.0003311878311480156,"train",5220.0,"2022-08-14 16:29:41.362441","","","","","","","","","","","","",""
48.0,1.627614974975586,0.00032085954330471567,"train",5240.0,"2022-08-14 16:29:50.783766","","","","","","","","","","","","",""
48.0,"","","train",5243.0,"2022-08-14 16:30:05.334346",0.9536345776031434,0.9449055854883706,0.9535017353003108,22704.245448551144,0.9067070518794657,0.8780196125328869,-18141.627242427006,0.6840864440078586,0.7365342217166397,0.7434911732572674,13579.009036302868,0.678172381251966,0.6036755892928486
48.0,"","","val",5243.0,"2022-08-14 16:30:10.185928",0.926905132192846,0.9110130120081605,0.9266153301469293,23811.053727613496,0.8591312292281374,0.8428974600188147,-18944.04153581806,0.6267496111975117,0.6758822229265848,0.6629482457840671,14077.029344022625,0.621029056403607,0.5605333333333333
49.0,2.28741455078125,0.0003106640097886839,"train",5260.0,"2022-08-14 16:30:19.540005","","","","","","","","","","","","",""
49.0,2.495882511138916,0.00030060322355028504,"train",5280.0,"2022-08-14 16:30:28.252872","","","","","","","","","","","","",""
49.0,2.6299939155578613,0.00029067915120044573,"train",5300.0,"2022-08-14 16:30:38.459567","","","","","","","","","","","","",""
49.0,1.6676349639892578,0.0002808937326262334,"train",5320.0,"2022-08-14 16:30:49.276795","","","","","","","","","","","","",""
49.0,2.0537471771240234,0.00027124888061166164,"train",5340.0,"2022-08-14 16:30:58.242812","","","","","","","","","","","","",""
49.0,"","","train",5350.0,"2022-08-14 16:31:15.898934",0.9520628683693517,0.9458800183804279,0.9547296663095421,21486.085605720044,0.9089745484054055,0.9009806266443434,-17381.596431364043,0.6919449901768173,0.7410802371639205,0.7478019655630979,13277.10725700804,0.6868380575697649,0.6169929418031695
49.0,"","","val",5350.0,"2022-08-14 16:31:20.411865",0.9129082426127527,0.9116292144651021,0.9287218976810054,23107.47369995835,0.8418537648009556,0.845719661335842,-18445.904522999663,0.6329704510108864,0.6764908268001395,0.6628804031789111,13784.335346040978,0.6281779868666079,0.5733333333333334
50.0,1.943200945854187,0.0002617464804637933,"train",5360.0,"2022-08-14 16:31:30.014936","","","","","","","","","","","","",""
50.0,2.6453819274902344,0.0002523883896442135,"train",5380.0,"2022-08-14 16:31:41.667272","","","","","","","","","","","","",""
50.0,2.575838088989258,0.00024317643740594605,"train",5400.0,"2022-08-14 16:31:52.629192","","","","","","","","","","","","",""
50.0,2.122097969055176,0.00023411242443588558,"train",5420.0,"2022-08-14 16:32:01.988156","","","","","","","","","","","","",""
50.0,1.9676467180252075,0.00022519812250280968,"train",5440.0,"2022-08-14 16:32:11.255710","","","","","","","","","","","","",""
50.0,"","","train",5457.0,"2022-08-14 16:32:36.888467",0.9520628683693517,0.9382371681214136,0.9480860759319818,23155.496538057403,0.9022243803880667,0.8694092322410907,-19896.693159131864,0.6664047151277014,0.7254071615277469,0.7325439483298143,16637.889780206326,0.6389329538464572,0.49061126648022374
50.0,"","","val",5457.0,"2022-08-14 16:32:41.566745",0.9253499222395023,0.9098151974498841,0.9240617808461676,25100.753086419754,0.8504825020346471,0.8231420507996237,-20583.04062321232,0.6469673405909798,0.6736443466815466,0.6657782515991469,16065.32816000489,0.6236653955534242,0.49493333333333334
51.0,1.9651117324829102,0.000216435274111048,"train",5460.0,"2022-08-14 16:32:44.377895","","","","","","","","","","","","",""
51.0,1.7901227474212646,0.00020782559215986896,"train",5480.0,"2022-08-14 16:32:55.910228","","","","","","","","","","","","",""
51.0,2.367234468460083,0.00019937075960865585,"train",5500.0,"2022-08-14 16:33:07.637374","","","","","","","","","","","","",""
51.0,2.0742127895355225,0.00019107242914793065,"train",5520.0,"2022-08-14 16:33:17.445054","","","","","","","","","","","","",""
51.0,2.505905866622925,0.00018293222287630236,"train",5540.0,"2022-08-14 16:33:26.959134","","","","","","","","","","","","",""
51.0,2.5333375930786133,0.00017495173198338668,"train",5560.0,"2022-08-14 16:33:35.769453","","","","","","","","","","","","",""
51.0,"","","train",5564.0,"2022-08-14 16:33:56.715857",0.950098231827112,0.9450181504138349,0.9538545758816132,22032.812125198405,0.9033484095241655,0.8883042334369768,-17848.15969942136,0.6860510805500982,0.7379523512392663,0.7453660218604617,13663.507273644314,0.6795680604779624,0.6011452923158876
51.0,"","","val",5564.0,"2022-08-14 16:34:02.216038",0.9253499222395023,0.9130279473426388,0.9269870773588242,23107.47369995835,0.8601717951505925,0.8532455315145814,-18590.80011569109,0.6283048211508554,0.6739004136799664,0.6613684822640047,14074.126531423834,0.6224606865512505,0.5610666666666667
